{
  "minecraft": {
    "crop_progress": true,
    "comparator": true,
    "display_furnace_contents": true,
    "hide_infestations": true,
    "jukebox": true,
    "lever": true,
    "spawner_type": true,
    "redstone": true,
    "repeater": true
  },
  "harvestability": {
    "unharvestableonly": false,
    "toolrequiredonly": true,
    "harvestlevel.sneakingonly": false,
    "currentlyharvestable.sneakingonly": false,
    "harvestlevelnum.sneakingonly": false,
    "shearability.sneakingonly": false,
    "harvestlevel": true,
    "minimal": false,
    "effectivetool.sneakingonly": false,
    "oresonly": false,
    "currentlyharvestable": true,
    "shearability": true,
    "effectivetool": true,
    "harvestlevelnum": false
  },
  "wawla": {
    "blast_resistance": false,
    "beehive_honey": true,
    "growing_cooldown": true,
    "hide_trap_chest": true,
    "beehive_count": true,
    "break_progress": true,
    "horse_jump": true,
    "villager_tier_progress": true,
    "breeding_item": true,
    "hardness": false,
    "block_ench_power": true,
    "table_ench_power": true,
    "skull_owner": true,
    "villager_tier": true,
    "beehive_smoked": true,
    "armor_points": true,
    "frame_contents": true,
    "horse_speed": true,
    "breeding_cooldown": true
  },
  "darkpaintings": {
    "show_artist": true,
    "show_id": false,
    "show_title": true
  },
  "waila": {
    "show_registry": false,
    "show_states": false,
    "show_entity_hp": true,
    "show_entities": true
  },
  "storagedrawers": {
    "display.stacklimit": true,
    "display.content": true,
    "display.status": true
  }
}